title;price;description;image
Re:Zero - Começando uma Vida em Outro Mundo - Livro 01;17.99;;https://m.media-amazon.com/images/I/715DgpHHk8L._AC_UL400_.jpg
Re:Zero EX - Começando uma Vida em Outro Mundo - Livro 01;26.3;;https://m.media-amazon.com/images/I/81ubsMkb5nL._AC_UL400_.jpg
Re:Zero - Começando uma Vida em Outro Mundo - Livro 02;20.33;;https://m.media-amazon.com/images/I/71kTbIA2h3L._AC_UL400_.jpg
Re:Zero - Começando uma Vida em Outro Mundo - Livro 21;25.4;;https://m.media-amazon.com/images/I/71B-QIUWYbL._AC_UL400_.jpg
Re:Zero - Começando uma Vida em Outro Mundo - Livro 03;20.33;;https://m.media-amazon.com/images/I/71w6pTFt+SL._AC_UL400_.jpg
Re:Zero - Começando uma Vida em Outro Mundo - Livro 20;20.33;;https://m.media-amazon.com/images/I/81rQk9fv-lL._AC_UL400_.jpg
Re:Zero - Começando uma Vida em Outro Mundo - Livro 18;16.1;;https://m.media-amazon.com/images/I/81lkTW4Z5uL._AC_UL400_.jpg
Re:Zero - Começando uma Vida em Outro Mundo - Livro 17;17.5;;https://m.media-amazon.com/images/I/81lIUhVmFRL._AC_UL400_.jpg
Re:Zero - Começando uma Vida em Outro Mundo - Livro 19;18.3;;https://m.media-amazon.com/images/I/81DUSsHbk9L._AC_UL400_.jpg
Re: Zero Capitulo 3 - 09;9.09;;https://m.media-amazon.com/images/I/51uL5hFS+5L._AC_UL400_.jpg
Re: Zero Capitulo 4 - 05;36.41;;https://m.media-amazon.com/images/I/6163UiZ3SNL._AC_UL400_.jpg
Re:Zero - Começando uma Vida em Outro Mundo - Livro 16;22.9;;https://m.media-amazon.com/images/I/81DukP0Er5L._AC_UL400_.jpg
Re:ZERO -Starting Life in Another World-, Vol. 1 (light novel) (English Edition);41.97;;https://m.media-amazon.com/images/I/91A7z943JxL._AC_UL400_.jpg
Re:Zero – Começando uma Vida em Outro Mundo Livro 14;20.33;;https://m.media-amazon.com/images/I/91VZxKanSIL._AC_UL400_.jpg
Re:ZERO -Starting Life in Another World-, Vol. 21 (light novel) (English Edition);45.51;;https://m.media-amazon.com/images/I/81o3POuW0FL._AC_UL400_.jpg
Re:Zero - Começando uma Vida em Outro Mundo - Livro 12;17.99;;https://m.media-amazon.com/images/I/71deUlYVPlL._AC_UL400_.jpg
Re:Zero - Começando uma Vida em Outro Mundo - Livro 15;18.3;;https://m.media-amazon.com/images/I/91yHQYcvptL._AC_UL400_.jpg
Re:Zero - Começando uma Vida em Outro Mundo - Livro 11;17.99;;https://m.media-amazon.com/images/I/717ABO-yf7L._AC_UL400_.jpg
Re:Zero - Começando uma Vida em Outro Mundo - Livro 06;20.33;;https://m.media-amazon.com/images/I/71zIh804FRL._AC_UL400_.jpg
Re: Zero Capitulo 3 - 11;12.97;;https://m.media-amazon.com/images/I/61-HRrB+2VL._AC_UL400_.jpg
PING PONG VOL. 2;39.9;;https://m.media-amazon.com/images/I/61zT4NV+KAL._AC_UL400_.jpg
Akira - Vol. 2;48.9;;https://m.media-amazon.com/images/I/61kCdLNoGXS._AC_UL400_.jpg
Buda vol. 3;53.79;;https://m.media-amazon.com/images/I/71E+qoo+HnL._AC_UL400_.jpg
Akira - Vol. 3;57.67;;https://m.media-amazon.com/images/I/617Nripy3BS._AC_UL400_.jpg
Re:Zero - Começando uma Vida em Outro Mundo - Livro 09;17.99;;https://m.media-amazon.com/images/I/713XyuONubL._AC_UL400_.jpg
Re:Zero - Começando uma Vida em Outro Mundo - Livro 07;20.33;;https://m.media-amazon.com/images/I/71XoLumBsBL._AC_UL400_.jpg
Re:zero capítulo 4: O Santuário e a Bruxa da Ganância - 01;20.99;;https://m.media-amazon.com/images/I/617yTN8dMDL._AC_UL400_.jpg
Re:Zero - Começando uma Vida em Outro Mundo - Livro 05;39.9;;https://m.media-amazon.com/images/I/71kEMdXGFLL._AC_UL400_.jpg
Re:Zero - Começando uma Vida em Outro Mundo - Livro 10;26.37;;https://m.media-amazon.com/images/I/71ZlzSDyxrL._AC_UL400_.jpg
Re:Zero - Começando uma Vida em Outro Mundo - Livro 08;17.99;;https://m.media-amazon.com/images/I/7139a8Z1Q3L._AC_UL400_.jpg
Re:Zero - Começando uma Vida em Outro Mundo - Livro 13;22.53;;https://m.media-amazon.com/images/I/81WN1i8XU3L._AC_UL400_.jpg
Re:ZERO -Starting Life in Another World-, Vol. 16 (light novel) (English Edition);41.71;;https://m.media-amazon.com/images/I/91Yoe3SzfdS._AC_UL400_.jpg
Re:zero Capítulo 4: O Santuário e a Bruxa da Ganância Vol. 6;37.9;;https://m.media-amazon.com/images/I/61YxbdBbydL._AC_UL400_.jpg
RE: Zero, Volume 4: Starting Life in Another World;76.42;;https://m.media-amazon.com/images/I/91NFEhBG5FL._AC_UL400_.jpg
Re: Zero Capitulo 3 - 10;20.9;;https://m.media-amazon.com/images/I/61ltQHdmkZL._AC_UL400_.jpg
Re:zero Capítulo 4: O Santuário e a Bruxa da Ganância Vol. 4;33.98;;https://m.media-amazon.com/images/I/61rX+DWKm0L._AC_UL400_.jpg
Re:zero Capítulo 4: O Santuário e a Bruxa da Ganância Vol. 3;28.95;;https://m.media-amazon.com/images/I/61Qt1JvDBZL._AC_UL400_.jpg
Re:ZERO: Starting Life in Another World - Season One Blu-ray + Digital;471.72;;https://m.media-amazon.com/images/I/81VrOiyydqL._AC_UL400_.jpg
RE: Zero -Starting Life in Another World-, Vol. 22 (Light Novel);79.12;;https://m.media-amazon.com/images/I/815T+1MQSyL._AC_UL400_.jpg
RE: Zero -Starting Life in Another World-, Vol. 12 (Light Novel);15.51;;https://m.media-amazon.com/images/I/81iNDCd3LJL._AC_UL400_.jpg
Tamashii Nations Figuarts Mini - Ram [Re:Zero -Starting Life in Another World 2nd Season], Bandai Spirits Figuarts Mini Figure (BAS61261);223.1;;https://m.media-amazon.com/images/I/51UNdsFyKjL._AC_UL400_.jpg
Re:ZERO -Starting Life in Another World-, Vol. 17 (light novel) (English Edition);47.51;;https://m.media-amazon.com/images/I/811vqmBfvWL._AC_UL400_.jpg
Re: Zero / 4e arc: Sanct. & sorc., t. 05;230.99;;https://m.media-amazon.com/images/I/01AodW1Gh-L._AC_UL400_.jpg
RE: Zero -Starting Life in Another World-, Vol. 20 (Light Novel);64.33;;https://m.media-amazon.com/images/I/91gShkcWh4L._AC_UL400_.jpg
Re: Zero Capitulo 3 - 04;19.4;;https://m.media-amazon.com/images/I/51xidqhN5LL._AC_UL400_.jpg
RE: Zero -Starting Life in Another World- Ex, Vol. 5 (Light Novel): The Tale of the Scarlet Princess;79.33;;https://m.media-amazon.com/images/I/91VOUxVPK5L._AC_UL400_.jpg
Re: Zero Capitulo 3 - 05;29.9;;https://m.media-amazon.com/images/I/511fi+J0L1S._AC_UL400_.jpg
Re:zero capítulo 4: O Santuário e a Bruxa da Ganância - 02;27.92;;https://m.media-amazon.com/images/I/610Iz2vm5hL._AC_UL400_.jpg
RE: Zero -Starting Life in Another World-, Vol. 19 (Light Novel);70.84;;https://m.media-amazon.com/images/I/91CeH5RT3mL._AC_UL400_.jpg
Re:ZERO -Starting Life in Another World-, Vol. 3 (light novel) (English Edition);41.71;;https://m.media-amazon.com/images/I/91TlfNgft3L._AC_UL400_.jpg
Re: Zero Capitulo 3 - 08;18.91;;https://m.media-amazon.com/images/I/51vSckce0YL._AC_UL400_.jpg
Your Name Edição Única;47.9;;https://m.media-amazon.com/images/I/6175PH7eGwL._AC_UL400_.jpg
Nausicaä do Vale do Vento - Vol. 01;37.42;;https://m.media-amazon.com/images/I/71vyQFt5U6L._AC_UL400_.jpg
Akira - Vol. 1;59.8;;https://m.media-amazon.com/images/I/61ud5BuLRML._AC_UL400_.jpg
Boa Noite Punpun - Vol. 6;33.9;;https://m.media-amazon.com/images/I/518Kun7r0EL._AC_UL400_.jpg
Boa Noite Punpun - Vol. 2;33.99;;https://m.media-amazon.com/images/I/51qq-2ETGQL._AC_UL400_.jpg
Boa Noite Punpun - Vol. 5;37.42;;https://m.media-amazon.com/images/I/51HiD9EnuaL._AC_UL400_.jpg
Boa Noite Punpun - Vol. 3;37.4;;https://m.media-amazon.com/images/I/51orPk0u0rL._AC_UL400_.jpg
Boa Noite Punpun - Vol. 7;36.27;;https://m.media-amazon.com/images/I/41+Oop2uRTL._AC_UL400_.jpg
Boa Noite Punpun - Vol. 1;37.4;;https://m.media-amazon.com/images/I/51EQ5jMPsHL._AC_UL400_.jpg
Re:Zero - Começando uma Vida em Outro Mundo - Livro 01;17.99;;https://m.media-amazon.com/images/I/715DgpHHk8L._AC_UL400_.jpg
Re:Zero EX - Começando uma Vida em Outro Mundo - Livro 01;26.3;;https://m.media-amazon.com/images/I/81ubsMkb5nL._AC_UL400_.jpg
Re:Zero - Começando uma Vida em Outro Mundo - Livro 02;20.33;;https://m.media-amazon.com/images/I/71kTbIA2h3L._AC_UL400_.jpg
Re:Zero - Começando uma Vida em Outro Mundo - Livro 21;25.4;;https://m.media-amazon.com/images/I/71B-QIUWYbL._AC_UL400_.jpg
Re:Zero - Começando uma Vida em Outro Mundo - Livro 03;20.33;;https://m.media-amazon.com/images/I/71w6pTFt+SL._AC_UL400_.jpg
Re:Zero - Começando uma Vida em Outro Mundo - Livro 20;20.33;;https://m.media-amazon.com/images/I/81rQk9fv-lL._AC_UL400_.jpg
Re:Zero - Começando uma Vida em Outro Mundo - Livro 18;16.1;;https://m.media-amazon.com/images/I/81lkTW4Z5uL._AC_UL400_.jpg
Re:Zero - Começando uma Vida em Outro Mundo - Livro 17;17.5;;https://m.media-amazon.com/images/I/81lIUhVmFRL._AC_UL400_.jpg
Re:Zero - Começando uma Vida em Outro Mundo - Livro 19;18.3;;https://m.media-amazon.com/images/I/81DUSsHbk9L._AC_UL400_.jpg
Re: Zero Capitulo 3 - 09;9.09;;https://m.media-amazon.com/images/I/51uL5hFS+5L._AC_UL400_.jpg
Re: Zero Capitulo 4 - 05;36.41;;https://m.media-amazon.com/images/I/6163UiZ3SNL._AC_UL400_.jpg
Re:Zero - Começando uma Vida em Outro Mundo - Livro 16;22.9;;https://m.media-amazon.com/images/I/81DukP0Er5L._AC_UL400_.jpg
Re:ZERO -Starting Life in Another World-, Vol. 1 (light novel) (English Edition);41.97;;https://m.media-amazon.com/images/I/91A7z943JxL._AC_UL400_.jpg
Re:Zero – Começando uma Vida em Outro Mundo Livro 14;20.33;;https://m.media-amazon.com/images/I/91VZxKanSIL._AC_UL400_.jpg
Re:ZERO -Starting Life in Another World-, Vol. 21 (light novel) (English Edition);45.51;;https://m.media-amazon.com/images/I/81o3POuW0FL._AC_UL400_.jpg
Re:Zero - Começando uma Vida em Outro Mundo - Livro 12;17.99;;https://m.media-amazon.com/images/I/71deUlYVPlL._AC_UL400_.jpg
Re:Zero - Começando uma Vida em Outro Mundo - Livro 15;18.3;;https://m.media-amazon.com/images/I/91yHQYcvptL._AC_UL400_.jpg
Re:Zero - Começando uma Vida em Outro Mundo - Livro 11;17.99;;https://m.media-amazon.com/images/I/717ABO-yf7L._AC_UL400_.jpg
Re:Zero - Começando uma Vida em Outro Mundo - Livro 06;20.33;;https://m.media-amazon.com/images/I/71zIh804FRL._AC_UL400_.jpg
Re: Zero Capitulo 3 - 11;12.97;;https://m.media-amazon.com/images/I/61-HRrB+2VL._AC_UL400_.jpg
PING PONG VOL. 2;39.9;;https://m.media-amazon.com/images/I/61zT4NV+KAL._AC_UL400_.jpg
Akira - Vol. 2;48.9;;https://m.media-amazon.com/images/I/61kCdLNoGXS._AC_UL400_.jpg
Buda vol. 3;53.79;;https://m.media-amazon.com/images/I/71E+qoo+HnL._AC_UL400_.jpg
Akira - Vol. 3;57.67;;https://m.media-amazon.com/images/I/617Nripy3BS._AC_UL400_.jpg
Re:Zero - Começando uma Vida em Outro Mundo - Livro 09;17.99;;https://m.media-amazon.com/images/I/713XyuONubL._AC_UL400_.jpg
Re:Zero - Começando uma Vida em Outro Mundo - Livro 07;20.33;;https://m.media-amazon.com/images/I/71XoLumBsBL._AC_UL400_.jpg
Re:zero capítulo 4: O Santuário e a Bruxa da Ganância - 01;20.99;;https://m.media-amazon.com/images/I/617yTN8dMDL._AC_UL400_.jpg
Re:Zero - Começando uma Vida em Outro Mundo - Livro 05;39.9;;https://m.media-amazon.com/images/I/71kEMdXGFLL._AC_UL400_.jpg
Re:Zero - Começando uma Vida em Outro Mundo - Livro 10;26.37;;https://m.media-amazon.com/images/I/71ZlzSDyxrL._AC_UL400_.jpg
Re:Zero - Começando uma Vida em Outro Mundo - Livro 08;17.99;;https://m.media-amazon.com/images/I/7139a8Z1Q3L._AC_UL400_.jpg
Re:Zero - Começando uma Vida em Outro Mundo - Livro 13;22.53;;https://m.media-amazon.com/images/I/81WN1i8XU3L._AC_UL400_.jpg
Re:ZERO -Starting Life in Another World-, Vol. 16 (light novel) (English Edition);41.71;;https://m.media-amazon.com/images/I/91Yoe3SzfdS._AC_UL400_.jpg
Re:zero Capítulo 4: O Santuário e a Bruxa da Ganância Vol. 6;37.9;;https://m.media-amazon.com/images/I/61YxbdBbydL._AC_UL400_.jpg
RE: Zero, Volume 4: Starting Life in Another World;76.42;;https://m.media-amazon.com/images/I/91NFEhBG5FL._AC_UL400_.jpg
Re: Zero Capitulo 3 - 10;20.9;;https://m.media-amazon.com/images/I/61ltQHdmkZL._AC_UL400_.jpg
Re:zero Capítulo 4: O Santuário e a Bruxa da Ganância Vol. 4;33.98;;https://m.media-amazon.com/images/I/61rX+DWKm0L._AC_UL400_.jpg
Re:zero Capítulo 4: O Santuário e a Bruxa da Ganância Vol. 3;28.95;;https://m.media-amazon.com/images/I/61Qt1JvDBZL._AC_UL400_.jpg
Re:ZERO: Starting Life in Another World - Season One Blu-ray + Digital;471.72;;https://m.media-amazon.com/images/I/81VrOiyydqL._AC_UL400_.jpg
RE: Zero -Starting Life in Another World-, Vol. 22 (Light Novel);79.12;;https://m.media-amazon.com/images/I/815T+1MQSyL._AC_UL400_.jpg
RE: Zero -Starting Life in Another World-, Vol. 12 (Light Novel);15.51;;https://m.media-amazon.com/images/I/81iNDCd3LJL._AC_UL400_.jpg
Tamashii Nations Figuarts Mini - Ram [Re:Zero -Starting Life in Another World 2nd Season], Bandai Spirits Figuarts Mini Figure (BAS61261);223.1;;https://m.media-amazon.com/images/I/51UNdsFyKjL._AC_UL400_.jpg
Re:ZERO -Starting Life in Another World-, Vol. 17 (light novel) (English Edition);47.51;;https://m.media-amazon.com/images/I/811vqmBfvWL._AC_UL400_.jpg
Re: Zero / 4e arc: Sanct. & sorc., t. 05;230.99;;https://m.media-amazon.com/images/I/01AodW1Gh-L._AC_UL400_.jpg
RE: Zero -Starting Life in Another World-, Vol. 20 (Light Novel);64.33;;https://m.media-amazon.com/images/I/91gShkcWh4L._AC_UL400_.jpg
Re: Zero Capitulo 3 - 04;19.4;;https://m.media-amazon.com/images/I/51xidqhN5LL._AC_UL400_.jpg
RE: Zero -Starting Life in Another World- Ex, Vol. 5 (Light Novel): The Tale of the Scarlet Princess;79.33;;https://m.media-amazon.com/images/I/91VOUxVPK5L._AC_UL400_.jpg
Re: Zero Capitulo 3 - 05;29.9;;https://m.media-amazon.com/images/I/511fi+J0L1S._AC_UL400_.jpg
Re:zero capítulo 4: O Santuário e a Bruxa da Ganância - 02;27.92;;https://m.media-amazon.com/images/I/610Iz2vm5hL._AC_UL400_.jpg
RE: Zero -Starting Life in Another World-, Vol. 19 (Light Novel);70.84;;https://m.media-amazon.com/images/I/91CeH5RT3mL._AC_UL400_.jpg
Re:ZERO -Starting Life in Another World-, Vol. 3 (light novel) (English Edition);41.71;;https://m.media-amazon.com/images/I/91TlfNgft3L._AC_UL400_.jpg
Re: Zero Capitulo 3 - 08;18.91;;https://m.media-amazon.com/images/I/51vSckce0YL._AC_UL400_.jpg
Your Name Edição Única;47.9;;https://m.media-amazon.com/images/I/6175PH7eGwL._AC_UL400_.jpg
Nausicaä do Vale do Vento - Vol. 01;37.42;;https://m.media-amazon.com/images/I/71vyQFt5U6L._AC_UL400_.jpg
Akira - Vol. 1;59.8;;https://m.media-amazon.com/images/I/61ud5BuLRML._AC_UL400_.jpg
Boa Noite Punpun - Vol. 6;33.9;;https://m.media-amazon.com/images/I/518Kun7r0EL._AC_UL400_.jpg
Boa Noite Punpun - Vol. 2;33.99;;https://m.media-amazon.com/images/I/51qq-2ETGQL._AC_UL400_.jpg
Boa Noite Punpun - Vol. 5;37.42;;https://m.media-amazon.com/images/I/51HiD9EnuaL._AC_UL400_.jpg
Boa Noite Punpun - Vol. 3;37.4;;https://m.media-amazon.com/images/I/51orPk0u0rL._AC_UL400_.jpg
Boa Noite Punpun - Vol. 7;36.27;;https://m.media-amazon.com/images/I/41+Oop2uRTL._AC_UL400_.jpg
Boa Noite Punpun - Vol. 1;37.4;;https://m.media-amazon.com/images/I/51EQ5jMPsHL._AC_UL400_.jpg
Re:Zero - Começando uma Vida em Outro Mundo - Livro 01;17.99;;https://m.media-amazon.com/images/I/715DgpHHk8L._AC_UL400_.jpg
Re:Zero EX - Começando uma Vida em Outro Mundo - Livro 01;26.3;;https://m.media-amazon.com/images/I/81ubsMkb5nL._AC_UL400_.jpg
Re:Zero - Começando uma Vida em Outro Mundo - Livro 02;20.33;;https://m.media-amazon.com/images/I/71kTbIA2h3L._AC_UL400_.jpg
Re:Zero - Começando uma Vida em Outro Mundo - Livro 21;25.4;;https://m.media-amazon.com/images/I/71B-QIUWYbL._AC_UL400_.jpg
Re:Zero - Começando uma Vida em Outro Mundo - Livro 03;20.33;;https://m.media-amazon.com/images/I/71w6pTFt+SL._AC_UL400_.jpg
Re:Zero - Começando uma Vida em Outro Mundo - Livro 20;20.33;;https://m.media-amazon.com/images/I/81rQk9fv-lL._AC_UL400_.jpg
Re:Zero - Começando uma Vida em Outro Mundo - Livro 18;16.1;;https://m.media-amazon.com/images/I/81lkTW4Z5uL._AC_UL400_.jpg
Re:Zero - Começando uma Vida em Outro Mundo - Livro 17;17.5;;https://m.media-amazon.com/images/I/81lIUhVmFRL._AC_UL400_.jpg
Re:Zero - Começando uma Vida em Outro Mundo - Livro 19;18.3;;https://m.media-amazon.com/images/I/81DUSsHbk9L._AC_UL400_.jpg
Re: Zero Capitulo 3 - 09;9.09;;https://m.media-amazon.com/images/I/51uL5hFS+5L._AC_UL400_.jpg
Re: Zero Capitulo 4 - 05;36.41;;https://m.media-amazon.com/images/I/6163UiZ3SNL._AC_UL400_.jpg
Re:Zero - Começando uma Vida em Outro Mundo - Livro 16;22.9;;https://m.media-amazon.com/images/I/81DukP0Er5L._AC_UL400_.jpg
Re:ZERO -Starting Life in Another World-, Vol. 1 (light novel) (English Edition);41.97;;https://m.media-amazon.com/images/I/91A7z943JxL._AC_UL400_.jpg
Re:Zero – Começando uma Vida em Outro Mundo Livro 14;20.33;;https://m.media-amazon.com/images/I/91VZxKanSIL._AC_UL400_.jpg
Re:ZERO -Starting Life in Another World-, Vol. 21 (light novel) (English Edition);45.51;;https://m.media-amazon.com/images/I/81o3POuW0FL._AC_UL400_.jpg
Re:Zero - Começando uma Vida em Outro Mundo - Livro 12;17.99;;https://m.media-amazon.com/images/I/71deUlYVPlL._AC_UL400_.jpg
Re:Zero - Começando uma Vida em Outro Mundo - Livro 15;18.3;;https://m.media-amazon.com/images/I/91yHQYcvptL._AC_UL400_.jpg
Re:Zero - Começando uma Vida em Outro Mundo - Livro 11;17.99;;https://m.media-amazon.com/images/I/717ABO-yf7L._AC_UL400_.jpg
Re:Zero - Começando uma Vida em Outro Mundo - Livro 06;20.33;;https://m.media-amazon.com/images/I/71zIh804FRL._AC_UL400_.jpg
Re: Zero Capitulo 3 - 11;12.97;;https://m.media-amazon.com/images/I/61-HRrB+2VL._AC_UL400_.jpg
PING PONG VOL. 2;39.9;;https://m.media-amazon.com/images/I/61zT4NV+KAL._AC_UL400_.jpg
Akira - Vol. 2;48.9;;https://m.media-amazon.com/images/I/61kCdLNoGXS._AC_UL400_.jpg
Buda vol. 3;53.79;;https://m.media-amazon.com/images/I/71E+qoo+HnL._AC_UL400_.jpg
Akira - Vol. 3;57.67;;https://m.media-amazon.com/images/I/617Nripy3BS._AC_UL400_.jpg
Re:Zero - Começando uma Vida em Outro Mundo - Livro 09;17.99;;https://m.media-amazon.com/images/I/713XyuONubL._AC_UL400_.jpg
Re:Zero - Começando uma Vida em Outro Mundo - Livro 07;20.33;;https://m.media-amazon.com/images/I/71XoLumBsBL._AC_UL400_.jpg
Re:zero capítulo 4: O Santuário e a Bruxa da Ganância - 01;20.99;;https://m.media-amazon.com/images/I/617yTN8dMDL._AC_UL400_.jpg
Re:Zero - Começando uma Vida em Outro Mundo - Livro 05;39.9;;https://m.media-amazon.com/images/I/71kEMdXGFLL._AC_UL400_.jpg
Re:Zero - Começando uma Vida em Outro Mundo - Livro 10;26.37;;https://m.media-amazon.com/images/I/71ZlzSDyxrL._AC_UL400_.jpg
Re:Zero - Começando uma Vida em Outro Mundo - Livro 08;17.99;;https://m.media-amazon.com/images/I/7139a8Z1Q3L._AC_UL400_.jpg
Re:Zero - Começando uma Vida em Outro Mundo - Livro 13;22.53;;https://m.media-amazon.com/images/I/81WN1i8XU3L._AC_UL400_.jpg
Re:ZERO -Starting Life in Another World-, Vol. 16 (light novel) (English Edition);41.71;;https://m.media-amazon.com/images/I/91Yoe3SzfdS._AC_UL400_.jpg
Re:zero Capítulo 4: O Santuário e a Bruxa da Ganância Vol. 6;37.9;;https://m.media-amazon.com/images/I/61YxbdBbydL._AC_UL400_.jpg
RE: Zero, Volume 4: Starting Life in Another World;76.42;;https://m.media-amazon.com/images/I/91NFEhBG5FL._AC_UL400_.jpg
Re: Zero Capitulo 3 - 10;20.9;;https://m.media-amazon.com/images/I/61ltQHdmkZL._AC_UL400_.jpg
Re:zero Capítulo 4: O Santuário e a Bruxa da Ganância Vol. 4;33.98;;https://m.media-amazon.com/images/I/61rX+DWKm0L._AC_UL400_.jpg
Re:zero Capítulo 4: O Santuário e a Bruxa da Ganância Vol. 3;28.95;;https://m.media-amazon.com/images/I/61Qt1JvDBZL._AC_UL400_.jpg
Re:ZERO: Starting Life in Another World - Season One Blu-ray + Digital;471.72;;https://m.media-amazon.com/images/I/81VrOiyydqL._AC_UL400_.jpg
RE: Zero -Starting Life in Another World-, Vol. 22 (Light Novel);79.12;;https://m.media-amazon.com/images/I/815T+1MQSyL._AC_UL400_.jpg
RE: Zero -Starting Life in Another World-, Vol. 12 (Light Novel);15.51;;https://m.media-amazon.com/images/I/81iNDCd3LJL._AC_UL400_.jpg
Tamashii Nations Figuarts Mini - Ram [Re:Zero -Starting Life in Another World 2nd Season], Bandai Spirits Figuarts Mini Figure (BAS61261);223.1;;https://m.media-amazon.com/images/I/51UNdsFyKjL._AC_UL400_.jpg
Re:ZERO -Starting Life in Another World-, Vol. 17 (light novel) (English Edition);47.51;;https://m.media-amazon.com/images/I/811vqmBfvWL._AC_UL400_.jpg
Re: Zero / 4e arc: Sanct. & sorc., t. 05;230.99;;https://m.media-amazon.com/images/I/01AodW1Gh-L._AC_UL400_.jpg
RE: Zero -Starting Life in Another World-, Vol. 20 (Light Novel);64.33;;https://m.media-amazon.com/images/I/91gShkcWh4L._AC_UL400_.jpg
Re: Zero Capitulo 3 - 04;19.4;;https://m.media-amazon.com/images/I/51xidqhN5LL._AC_UL400_.jpg
RE: Zero -Starting Life in Another World- Ex, Vol. 5 (Light Novel): The Tale of the Scarlet Princess;79.33;;https://m.media-amazon.com/images/I/91VOUxVPK5L._AC_UL400_.jpg
Re: Zero Capitulo 3 - 05;29.9;;https://m.media-amazon.com/images/I/511fi+J0L1S._AC_UL400_.jpg
Re:zero capítulo 4: O Santuário e a Bruxa da Ganância - 02;27.92;;https://m.media-amazon.com/images/I/610Iz2vm5hL._AC_UL400_.jpg
RE: Zero -Starting Life in Another World-, Vol. 19 (Light Novel);70.84;;https://m.media-amazon.com/images/I/91CeH5RT3mL._AC_UL400_.jpg
Re:ZERO -Starting Life in Another World-, Vol. 3 (light novel) (English Edition);41.71;;https://m.media-amazon.com/images/I/91TlfNgft3L._AC_UL400_.jpg
Re: Zero Capitulo 3 - 08;18.91;;https://m.media-amazon.com/images/I/51vSckce0YL._AC_UL400_.jpg
Your Name Edição Única;47.9;;https://m.media-amazon.com/images/I/6175PH7eGwL._AC_UL400_.jpg
Nausicaä do Vale do Vento - Vol. 01;37.42;;https://m.media-amazon.com/images/I/71vyQFt5U6L._AC_UL400_.jpg
Akira - Vol. 1;59.8;;https://m.media-amazon.com/images/I/61ud5BuLRML._AC_UL400_.jpg
Boa Noite Punpun - Vol. 6;33.9;;https://m.media-amazon.com/images/I/518Kun7r0EL._AC_UL400_.jpg
Boa Noite Punpun - Vol. 2;33.99;;https://m.media-amazon.com/images/I/51qq-2ETGQL._AC_UL400_.jpg
Boa Noite Punpun - Vol. 5;37.42;;https://m.media-amazon.com/images/I/51HiD9EnuaL._AC_UL400_.jpg
Boa Noite Punpun - Vol. 3;37.4;;https://m.media-amazon.com/images/I/51orPk0u0rL._AC_UL400_.jpg
Boa Noite Punpun - Vol. 7;36.27;;https://m.media-amazon.com/images/I/41+Oop2uRTL._AC_UL400_.jpg
Boa Noite Punpun - Vol. 1;37.4;;https://m.media-amazon.com/images/I/51EQ5jMPsHL._AC_UL400_.jpg
Re:Zero - Começando uma Vida em Outro Mundo - Livro 01;17.99;;https://m.media-amazon.com/images/I/715DgpHHk8L._AC_UL400_.jpg
Re:Zero EX - Começando uma Vida em Outro Mundo - Livro 01;26.3;;https://m.media-amazon.com/images/I/81ubsMkb5nL._AC_UL400_.jpg
Re:Zero - Começando uma Vida em Outro Mundo - Livro 02;20.33;;https://m.media-amazon.com/images/I/71kTbIA2h3L._AC_UL400_.jpg
Re:Zero - Começando uma Vida em Outro Mundo - Livro 21;25.4;;https://m.media-amazon.com/images/I/71B-QIUWYbL._AC_UL400_.jpg
Re:Zero - Começando uma Vida em Outro Mundo - Livro 03;20.33;;https://m.media-amazon.com/images/I/71w6pTFt+SL._AC_UL400_.jpg
Re:Zero - Começando uma Vida em Outro Mundo - Livro 20;20.33;;https://m.media-amazon.com/images/I/81rQk9fv-lL._AC_UL400_.jpg
Re:Zero - Começando uma Vida em Outro Mundo - Livro 18;16.1;;https://m.media-amazon.com/images/I/81lkTW4Z5uL._AC_UL400_.jpg
Re:Zero - Começando uma Vida em Outro Mundo - Livro 17;17.5;;https://m.media-amazon.com/images/I/81lIUhVmFRL._AC_UL400_.jpg
Re:Zero - Começando uma Vida em Outro Mundo - Livro 19;18.3;;https://m.media-amazon.com/images/I/81DUSsHbk9L._AC_UL400_.jpg
Re: Zero Capitulo 3 - 09;9.09;;https://m.media-amazon.com/images/I/51uL5hFS+5L._AC_UL400_.jpg
Re: Zero Capitulo 4 - 05;36.41;;https://m.media-amazon.com/images/I/6163UiZ3SNL._AC_UL400_.jpg
Re:Zero - Começando uma Vida em Outro Mundo - Livro 16;22.9;;https://m.media-amazon.com/images/I/81DukP0Er5L._AC_UL400_.jpg
Re:ZERO -Starting Life in Another World-, Vol. 1 (light novel) (English Edition);41.97;;https://m.media-amazon.com/images/I/91A7z943JxL._AC_UL400_.jpg
Re:Zero – Começando uma Vida em Outro Mundo Livro 14;20.33;;https://m.media-amazon.com/images/I/91VZxKanSIL._AC_UL400_.jpg
Re:ZERO -Starting Life in Another World-, Vol. 21 (light novel) (English Edition);45.51;;https://m.media-amazon.com/images/I/81o3POuW0FL._AC_UL400_.jpg
Re:Zero - Começando uma Vida em Outro Mundo - Livro 12;17.99;;https://m.media-amazon.com/images/I/71deUlYVPlL._AC_UL400_.jpg
Re:Zero - Começando uma Vida em Outro Mundo - Livro 15;18.3;;https://m.media-amazon.com/images/I/91yHQYcvptL._AC_UL400_.jpg
Re:Zero - Começando uma Vida em Outro Mundo - Livro 11;17.99;;https://m.media-amazon.com/images/I/717ABO-yf7L._AC_UL400_.jpg
Re:Zero - Começando uma Vida em Outro Mundo - Livro 06;20.33;;https://m.media-amazon.com/images/I/71zIh804FRL._AC_UL400_.jpg
Re: Zero Capitulo 3 - 11;12.97;;https://m.media-amazon.com/images/I/61-HRrB+2VL._AC_UL400_.jpg
PING PONG VOL. 2;39.9;;https://m.media-amazon.com/images/I/61zT4NV+KAL._AC_UL400_.jpg
Akira - Vol. 2;48.9;;https://m.media-amazon.com/images/I/61kCdLNoGXS._AC_UL400_.jpg
Buda vol. 3;53.79;;https://m.media-amazon.com/images/I/71E+qoo+HnL._AC_UL400_.jpg
Akira - Vol. 3;57.67;;https://m.media-amazon.com/images/I/617Nripy3BS._AC_UL400_.jpg
Re:Zero - Começando uma Vida em Outro Mundo - Livro 09;17.99;;https://m.media-amazon.com/images/I/713XyuONubL._AC_UL400_.jpg
Re:Zero - Começando uma Vida em Outro Mundo - Livro 07;20.33;;https://m.media-amazon.com/images/I/71XoLumBsBL._AC_UL400_.jpg
Re:zero capítulo 4: O Santuário e a Bruxa da Ganância - 01;20.99;;https://m.media-amazon.com/images/I/617yTN8dMDL._AC_UL400_.jpg
Re:Zero - Começando uma Vida em Outro Mundo - Livro 05;39.9;;https://m.media-amazon.com/images/I/71kEMdXGFLL._AC_UL400_.jpg
Re:Zero - Começando uma Vida em Outro Mundo - Livro 10;26.37;;https://m.media-amazon.com/images/I/71ZlzSDyxrL._AC_UL400_.jpg
Re:Zero - Começando uma Vida em Outro Mundo - Livro 08;17.99;;https://m.media-amazon.com/images/I/7139a8Z1Q3L._AC_UL400_.jpg
Re:Zero - Começando uma Vida em Outro Mundo - Livro 13;22.53;;https://m.media-amazon.com/images/I/81WN1i8XU3L._AC_UL400_.jpg
Re:ZERO -Starting Life in Another World-, Vol. 16 (light novel) (English Edition);41.71;;https://m.media-amazon.com/images/I/91Yoe3SzfdS._AC_UL400_.jpg
Re:zero Capítulo 4: O Santuário e a Bruxa da Ganância Vol. 6;37.9;;https://m.media-amazon.com/images/I/61YxbdBbydL._AC_UL400_.jpg
RE: Zero, Volume 4: Starting Life in Another World;76.42;;https://m.media-amazon.com/images/I/91NFEhBG5FL._AC_UL400_.jpg
Re: Zero Capitulo 3 - 10;20.9;;https://m.media-amazon.com/images/I/61ltQHdmkZL._AC_UL400_.jpg
Re:zero Capítulo 4: O Santuário e a Bruxa da Ganância Vol. 4;33.98;;https://m.media-amazon.com/images/I/61rX+DWKm0L._AC_UL400_.jpg
Re:zero Capítulo 4: O Santuário e a Bruxa da Ganância Vol. 3;28.95;;https://m.media-amazon.com/images/I/61Qt1JvDBZL._AC_UL400_.jpg
Re:ZERO: Starting Life in Another World - Season One Blu-ray + Digital;471.72;;https://m.media-amazon.com/images/I/81VrOiyydqL._AC_UL400_.jpg
RE: Zero -Starting Life in Another World-, Vol. 22 (Light Novel);79.12;;https://m.media-amazon.com/images/I/815T+1MQSyL._AC_UL400_.jpg
RE: Zero -Starting Life in Another World-, Vol. 12 (Light Novel);15.51;;https://m.media-amazon.com/images/I/81iNDCd3LJL._AC_UL400_.jpg
Tamashii Nations Figuarts Mini - Ram [Re:Zero -Starting Life in Another World 2nd Season], Bandai Spirits Figuarts Mini Figure (BAS61261);223.1;;https://m.media-amazon.com/images/I/51UNdsFyKjL._AC_UL400_.jpg
Re:ZERO -Starting Life in Another World-, Vol. 17 (light novel) (English Edition);47.51;;https://m.media-amazon.com/images/I/811vqmBfvWL._AC_UL400_.jpg
Re: Zero / 4e arc: Sanct. & sorc., t. 05;230.99;;https://m.media-amazon.com/images/I/01AodW1Gh-L._AC_UL400_.jpg
RE: Zero -Starting Life in Another World-, Vol. 20 (Light Novel);64.33;;https://m.media-amazon.com/images/I/91gShkcWh4L._AC_UL400_.jpg
Re: Zero Capitulo 3 - 04;19.4;;https://m.media-amazon.com/images/I/51xidqhN5LL._AC_UL400_.jpg
RE: Zero -Starting Life in Another World- Ex, Vol. 5 (Light Novel): The Tale of the Scarlet Princess;79.33;;https://m.media-amazon.com/images/I/91VOUxVPK5L._AC_UL400_.jpg
Re: Zero Capitulo 3 - 05;29.9;;https://m.media-amazon.com/images/I/511fi+J0L1S._AC_UL400_.jpg
Re:zero capítulo 4: O Santuário e a Bruxa da Ganância - 02;27.92;;https://m.media-amazon.com/images/I/610Iz2vm5hL._AC_UL400_.jpg
RE: Zero -Starting Life in Another World-, Vol. 19 (Light Novel);70.84;;https://m.media-amazon.com/images/I/91CeH5RT3mL._AC_UL400_.jpg
Re:ZERO -Starting Life in Another World-, Vol. 3 (light novel) (English Edition);41.71;;https://m.media-amazon.com/images/I/91TlfNgft3L._AC_UL400_.jpg
Re: Zero Capitulo 3 - 08;18.91;;https://m.media-amazon.com/images/I/51vSckce0YL._AC_UL400_.jpg
Your Name Edição Única;47.9;;https://m.media-amazon.com/images/I/6175PH7eGwL._AC_UL400_.jpg
Nausicaä do Vale do Vento - Vol. 01;37.42;;https://m.media-amazon.com/images/I/71vyQFt5U6L._AC_UL400_.jpg
Akira - Vol. 1;59.8;;https://m.media-amazon.com/images/I/61ud5BuLRML._AC_UL400_.jpg
Boa Noite Punpun - Vol. 6;33.9;;https://m.media-amazon.com/images/I/518Kun7r0EL._AC_UL400_.jpg
Boa Noite Punpun - Vol. 2;33.99;;https://m.media-amazon.com/images/I/51qq-2ETGQL._AC_UL400_.jpg
Boa Noite Punpun - Vol. 5;37.42;;https://m.media-amazon.com/images/I/51HiD9EnuaL._AC_UL400_.jpg
Boa Noite Punpun - Vol. 3;37.4;;https://m.media-amazon.com/images/I/51orPk0u0rL._AC_UL400_.jpg
Boa Noite Punpun - Vol. 7;36.27;;https://m.media-amazon.com/images/I/41+Oop2uRTL._AC_UL400_.jpg
Boa Noite Punpun - Vol. 1;37.4;;https://m.media-amazon.com/images/I/51EQ5jMPsHL._AC_UL400_.jpg
Re:Zero - Começando uma Vida em Outro Mundo - Livro 01;17.99;;https://m.media-amazon.com/images/I/715DgpHHk8L._AC_UL400_.jpg
Re:Zero EX - Começando uma Vida em Outro Mundo - Livro 01;26.3;;https://m.media-amazon.com/images/I/81ubsMkb5nL._AC_UL400_.jpg
Re:Zero - Começando uma Vida em Outro Mundo - Livro 02;20.33;;https://m.media-amazon.com/images/I/71kTbIA2h3L._AC_UL400_.jpg
Re:Zero - Começando uma Vida em Outro Mundo - Livro 21;25.4;;https://m.media-amazon.com/images/I/71B-QIUWYbL._AC_UL400_.jpg
Re:Zero - Começando uma Vida em Outro Mundo - Livro 03;20.33;;https://m.media-amazon.com/images/I/71w6pTFt+SL._AC_UL400_.jpg
Re:Zero - Começando uma Vida em Outro Mundo - Livro 20;20.33;;https://m.media-amazon.com/images/I/81rQk9fv-lL._AC_UL400_.jpg
Re:Zero - Começando uma Vida em Outro Mundo - Livro 18;16.1;;https://m.media-amazon.com/images/I/81lkTW4Z5uL._AC_UL400_.jpg
Re:Zero - Começando uma Vida em Outro Mundo - Livro 17;17.5;;https://m.media-amazon.com/images/I/81lIUhVmFRL._AC_UL400_.jpg
Re:Zero - Começando uma Vida em Outro Mundo - Livro 19;18.3;;https://m.media-amazon.com/images/I/81DUSsHbk9L._AC_UL400_.jpg
Re: Zero Capitulo 3 - 09;9.09;;https://m.media-amazon.com/images/I/51uL5hFS+5L._AC_UL400_.jpg
Re: Zero Capitulo 4 - 05;36.41;;https://m.media-amazon.com/images/I/6163UiZ3SNL._AC_UL400_.jpg
Re:Zero - Começando uma Vida em Outro Mundo - Livro 16;22.9;;https://m.media-amazon.com/images/I/81DukP0Er5L._AC_UL400_.jpg
Re:ZERO -Starting Life in Another World-, Vol. 1 (light novel) (English Edition);41.97;;https://m.media-amazon.com/images/I/91A7z943JxL._AC_UL400_.jpg
Re:Zero – Começando uma Vida em Outro Mundo Livro 14;20.33;;https://m.media-amazon.com/images/I/91VZxKanSIL._AC_UL400_.jpg
Re:ZERO -Starting Life in Another World-, Vol. 21 (light novel) (English Edition);45.51;;https://m.media-amazon.com/images/I/81o3POuW0FL._AC_UL400_.jpg
Re:Zero - Começando uma Vida em Outro Mundo - Livro 12;17.99;;https://m.media-amazon.com/images/I/71deUlYVPlL._AC_UL400_.jpg
Re:Zero - Começando uma Vida em Outro Mundo - Livro 15;18.3;;https://m.media-amazon.com/images/I/91yHQYcvptL._AC_UL400_.jpg
Re:Zero - Começando uma Vida em Outro Mundo - Livro 11;17.99;;https://m.media-amazon.com/images/I/717ABO-yf7L._AC_UL400_.jpg
Re:Zero - Começando uma Vida em Outro Mundo - Livro 06;20.33;;https://m.media-amazon.com/images/I/71zIh804FRL._AC_UL400_.jpg
Re: Zero Capitulo 3 - 11;12.97;;https://m.media-amazon.com/images/I/61-HRrB+2VL._AC_UL400_.jpg
PING PONG VOL. 2;39.9;;https://m.media-amazon.com/images/I/61zT4NV+KAL._AC_UL400_.jpg
Akira - Vol. 2;48.9;;https://m.media-amazon.com/images/I/61kCdLNoGXS._AC_UL400_.jpg
Buda vol. 3;53.79;;https://m.media-amazon.com/images/I/71E+qoo+HnL._AC_UL400_.jpg
Akira - Vol. 3;57.67;;https://m.media-amazon.com/images/I/617Nripy3BS._AC_UL400_.jpg
Re:Zero - Começando uma Vida em Outro Mundo - Livro 09;17.99;;https://m.media-amazon.com/images/I/713XyuONubL._AC_UL400_.jpg
Re:Zero - Começando uma Vida em Outro Mundo - Livro 07;20.33;;https://m.media-amazon.com/images/I/71XoLumBsBL._AC_UL400_.jpg
Re:zero capítulo 4: O Santuário e a Bruxa da Ganância - 01;20.99;;https://m.media-amazon.com/images/I/617yTN8dMDL._AC_UL400_.jpg
Re:Zero - Começando uma Vida em Outro Mundo - Livro 05;39.9;;https://m.media-amazon.com/images/I/71kEMdXGFLL._AC_UL400_.jpg
Re:Zero - Começando uma Vida em Outro Mundo - Livro 10;26.37;;https://m.media-amazon.com/images/I/71ZlzSDyxrL._AC_UL400_.jpg
Re:Zero - Começando uma Vida em Outro Mundo - Livro 08;17.99;;https://m.media-amazon.com/images/I/7139a8Z1Q3L._AC_UL400_.jpg
Re:Zero - Começando uma Vida em Outro Mundo - Livro 13;22.53;;https://m.media-amazon.com/images/I/81WN1i8XU3L._AC_UL400_.jpg
Re:ZERO -Starting Life in Another World-, Vol. 16 (light novel) (English Edition);41.71;;https://m.media-amazon.com/images/I/91Yoe3SzfdS._AC_UL400_.jpg
Re:zero Capítulo 4: O Santuário e a Bruxa da Ganância Vol. 6;37.9;;https://m.media-amazon.com/images/I/61YxbdBbydL._AC_UL400_.jpg
RE: Zero, Volume 4: Starting Life in Another World;76.42;;https://m.media-amazon.com/images/I/91NFEhBG5FL._AC_UL400_.jpg
Re: Zero Capitulo 3 - 10;20.9;;https://m.media-amazon.com/images/I/61ltQHdmkZL._AC_UL400_.jpg
Re:zero Capítulo 4: O Santuário e a Bruxa da Ganância Vol. 4;33.98;;https://m.media-amazon.com/images/I/61rX+DWKm0L._AC_UL400_.jpg
Re:zero Capítulo 4: O Santuário e a Bruxa da Ganância Vol. 3;28.95;;https://m.media-amazon.com/images/I/61Qt1JvDBZL._AC_UL400_.jpg
Re:ZERO: Starting Life in Another World - Season One Blu-ray + Digital;471.72;;https://m.media-amazon.com/images/I/81VrOiyydqL._AC_UL400_.jpg
RE: Zero -Starting Life in Another World-, Vol. 22 (Light Novel);79.12;;https://m.media-amazon.com/images/I/815T+1MQSyL._AC_UL400_.jpg
RE: Zero -Starting Life in Another World-, Vol. 12 (Light Novel);15.51;;https://m.media-amazon.com/images/I/81iNDCd3LJL._AC_UL400_.jpg
Tamashii Nations Figuarts Mini - Ram [Re:Zero -Starting Life in Another World 2nd Season], Bandai Spirits Figuarts Mini Figure (BAS61261);223.1;;https://m.media-amazon.com/images/I/51UNdsFyKjL._AC_UL400_.jpg
Re:ZERO -Starting Life in Another World-, Vol. 17 (light novel) (English Edition);47.51;;https://m.media-amazon.com/images/I/811vqmBfvWL._AC_UL400_.jpg
Re: Zero / 4e arc: Sanct. & sorc., t. 05;230.99;;https://m.media-amazon.com/images/I/01AodW1Gh-L._AC_UL400_.jpg
RE: Zero -Starting Life in Another World-, Vol. 20 (Light Novel);64.33;;https://m.media-amazon.com/images/I/91gShkcWh4L._AC_UL400_.jpg
Re: Zero Capitulo 3 - 04;19.4;;https://m.media-amazon.com/images/I/51xidqhN5LL._AC_UL400_.jpg
RE: Zero -Starting Life in Another World- Ex, Vol. 5 (Light Novel): The Tale of the Scarlet Princess;79.33;;https://m.media-amazon.com/images/I/91VOUxVPK5L._AC_UL400_.jpg
Re: Zero Capitulo 3 - 05;29.9;;https://m.media-amazon.com/images/I/511fi+J0L1S._AC_UL400_.jpg
Re:zero capítulo 4: O Santuário e a Bruxa da Ganância - 02;27.92;;https://m.media-amazon.com/images/I/610Iz2vm5hL._AC_UL400_.jpg
RE: Zero -Starting Life in Another World-, Vol. 19 (Light Novel);70.84;;https://m.media-amazon.com/images/I/91CeH5RT3mL._AC_UL400_.jpg
Re:ZERO -Starting Life in Another World-, Vol. 3 (light novel) (English Edition);41.71;;https://m.media-amazon.com/images/I/91TlfNgft3L._AC_UL400_.jpg
Re: Zero Capitulo 3 - 08;18.91;;https://m.media-amazon.com/images/I/51vSckce0YL._AC_UL400_.jpg
Your Name Edição Única;47.9;;https://m.media-amazon.com/images/I/6175PH7eGwL._AC_UL400_.jpg
Nausicaä do Vale do Vento - Vol. 01;37.42;;https://m.media-amazon.com/images/I/71vyQFt5U6L._AC_UL400_.jpg
Akira - Vol. 1;59.8;;https://m.media-amazon.com/images/I/61ud5BuLRML._AC_UL400_.jpg
Boa Noite Punpun - Vol. 6;33.9;;https://m.media-amazon.com/images/I/518Kun7r0EL._AC_UL400_.jpg
Boa Noite Punpun - Vol. 2;33.99;;https://m.media-amazon.com/images/I/51qq-2ETGQL._AC_UL400_.jpg
Boa Noite Punpun - Vol. 5;37.42;;https://m.media-amazon.com/images/I/51HiD9EnuaL._AC_UL400_.jpg
Boa Noite Punpun - Vol. 3;37.4;;https://m.media-amazon.com/images/I/51orPk0u0rL._AC_UL400_.jpg
Boa Noite Punpun - Vol. 7;36.27;;https://m.media-amazon.com/images/I/41+Oop2uRTL._AC_UL400_.jpg
Boa Noite Punpun - Vol. 1;37.4;;https://m.media-amazon.com/images/I/51EQ5jMPsHL._AC_UL400_.jpg
Re:Zero - Começando uma Vida em Outro Mundo - Livro 01;17.99;;https://m.media-amazon.com/images/I/715DgpHHk8L._AC_UL400_.jpg
Re:Zero EX - Começando uma Vida em Outro Mundo - Livro 01;26.3;;https://m.media-amazon.com/images/I/81ubsMkb5nL._AC_UL400_.jpg
Re:Zero - Começando uma Vida em Outro Mundo - Livro 02;20.33;;https://m.media-amazon.com/images/I/71kTbIA2h3L._AC_UL400_.jpg
Re:Zero - Começando uma Vida em Outro Mundo - Livro 21;25.4;;https://m.media-amazon.com/images/I/71B-QIUWYbL._AC_UL400_.jpg
Re:Zero - Começando uma Vida em Outro Mundo - Livro 03;20.33;;https://m.media-amazon.com/images/I/71w6pTFt+SL._AC_UL400_.jpg
Re:Zero - Começando uma Vida em Outro Mundo - Livro 20;20.33;;https://m.media-amazon.com/images/I/81rQk9fv-lL._AC_UL400_.jpg
Re:Zero - Começando uma Vida em Outro Mundo - Livro 18;16.1;;https://m.media-amazon.com/images/I/81lkTW4Z5uL._AC_UL400_.jpg
Re:Zero - Começando uma Vida em Outro Mundo - Livro 17;17.5;;https://m.media-amazon.com/images/I/81lIUhVmFRL._AC_UL400_.jpg
Re:Zero - Começando uma Vida em Outro Mundo - Livro 19;18.3;;https://m.media-amazon.com/images/I/81DUSsHbk9L._AC_UL400_.jpg
Re: Zero Capitulo 3 - 09;9.09;;https://m.media-amazon.com/images/I/51uL5hFS+5L._AC_UL400_.jpg
Re: Zero Capitulo 4 - 05;36.41;;https://m.media-amazon.com/images/I/6163UiZ3SNL._AC_UL400_.jpg
Re:Zero - Começando uma Vida em Outro Mundo - Livro 16;22.9;;https://m.media-amazon.com/images/I/81DukP0Er5L._AC_UL400_.jpg
Re:ZERO -Starting Life in Another World-, Vol. 1 (light novel) (English Edition);41.97;;https://m.media-amazon.com/images/I/91A7z943JxL._AC_UL400_.jpg
Re:Zero – Começando uma Vida em Outro Mundo Livro 14;20.33;;https://m.media-amazon.com/images/I/91VZxKanSIL._AC_UL400_.jpg
Re:ZERO -Starting Life in Another World-, Vol. 21 (light novel) (English Edition);45.51;;https://m.media-amazon.com/images/I/81o3POuW0FL._AC_UL400_.jpg
Re:Zero - Começando uma Vida em Outro Mundo - Livro 12;17.99;;https://m.media-amazon.com/images/I/71deUlYVPlL._AC_UL400_.jpg
Re:Zero - Começando uma Vida em Outro Mundo - Livro 15;18.3;;https://m.media-amazon.com/images/I/91yHQYcvptL._AC_UL400_.jpg
Re:Zero - Começando uma Vida em Outro Mundo - Livro 11;17.99;;https://m.media-amazon.com/images/I/717ABO-yf7L._AC_UL400_.jpg
Re:Zero - Começando uma Vida em Outro Mundo - Livro 06;20.33;;https://m.media-amazon.com/images/I/71zIh804FRL._AC_UL400_.jpg
Re: Zero Capitulo 3 - 11;12.97;;https://m.media-amazon.com/images/I/61-HRrB+2VL._AC_UL400_.jpg
PING PONG VOL. 2;39.9;;https://m.media-amazon.com/images/I/61zT4NV+KAL._AC_UL400_.jpg
Akira - Vol. 2;48.9;;https://m.media-amazon.com/images/I/61kCdLNoGXS._AC_UL400_.jpg
Buda vol. 3;53.79;;https://m.media-amazon.com/images/I/71E+qoo+HnL._AC_UL400_.jpg
Akira - Vol. 3;57.67;;https://m.media-amazon.com/images/I/617Nripy3BS._AC_UL400_.jpg
Re:Zero - Começando uma Vida em Outro Mundo - Livro 09;17.99;;https://m.media-amazon.com/images/I/713XyuONubL._AC_UL400_.jpg
Re:Zero - Começando uma Vida em Outro Mundo - Livro 07;20.33;;https://m.media-amazon.com/images/I/71XoLumBsBL._AC_UL400_.jpg
Re:zero capítulo 4: O Santuário e a Bruxa da Ganância - 01;20.99;;https://m.media-amazon.com/images/I/617yTN8dMDL._AC_UL400_.jpg
Re:Zero - Começando uma Vida em Outro Mundo - Livro 05;39.9;;https://m.media-amazon.com/images/I/71kEMdXGFLL._AC_UL400_.jpg
Re:Zero - Começando uma Vida em Outro Mundo - Livro 10;26.37;;https://m.media-amazon.com/images/I/71ZlzSDyxrL._AC_UL400_.jpg
Re:Zero - Começando uma Vida em Outro Mundo - Livro 08;17.99;;https://m.media-amazon.com/images/I/7139a8Z1Q3L._AC_UL400_.jpg
Re:Zero - Começando uma Vida em Outro Mundo - Livro 13;22.53;;https://m.media-amazon.com/images/I/81WN1i8XU3L._AC_UL400_.jpg
Re:ZERO -Starting Life in Another World-, Vol. 16 (light novel) (English Edition);41.71;;https://m.media-amazon.com/images/I/91Yoe3SzfdS._AC_UL400_.jpg
Re:zero Capítulo 4: O Santuário e a Bruxa da Ganância Vol. 6;37.9;;https://m.media-amazon.com/images/I/61YxbdBbydL._AC_UL400_.jpg
RE: Zero, Volume 4: Starting Life in Another World;76.42;;https://m.media-amazon.com/images/I/91NFEhBG5FL._AC_UL400_.jpg
Re: Zero Capitulo 3 - 10;20.9;;https://m.media-amazon.com/images/I/61ltQHdmkZL._AC_UL400_.jpg
Re:zero Capítulo 4: O Santuário e a Bruxa da Ganância Vol. 4;33.98;;https://m.media-amazon.com/images/I/61rX+DWKm0L._AC_UL400_.jpg
Re:zero Capítulo 4: O Santuário e a Bruxa da Ganância Vol. 3;28.95;;https://m.media-amazon.com/images/I/61Qt1JvDBZL._AC_UL400_.jpg
Re:ZERO: Starting Life in Another World - Season One Blu-ray + Digital;471.72;;https://m.media-amazon.com/images/I/81VrOiyydqL._AC_UL400_.jpg
RE: Zero -Starting Life in Another World-, Vol. 22 (Light Novel);79.12;;https://m.media-amazon.com/images/I/815T+1MQSyL._AC_UL400_.jpg
RE: Zero -Starting Life in Another World-, Vol. 12 (Light Novel);15.51;;https://m.media-amazon.com/images/I/81iNDCd3LJL._AC_UL400_.jpg
Tamashii Nations Figuarts Mini - Ram [Re:Zero -Starting Life in Another World 2nd Season], Bandai Spirits Figuarts Mini Figure (BAS61261);223.1;;https://m.media-amazon.com/images/I/51UNdsFyKjL._AC_UL400_.jpg
Re:ZERO -Starting Life in Another World-, Vol. 17 (light novel) (English Edition);47.51;;https://m.media-amazon.com/images/I/811vqmBfvWL._AC_UL400_.jpg
Re: Zero / 4e arc: Sanct. & sorc., t. 05;230.99;;https://m.media-amazon.com/images/I/01AodW1Gh-L._AC_UL400_.jpg
RE: Zero -Starting Life in Another World-, Vol. 20 (Light Novel);64.33;;https://m.media-amazon.com/images/I/91gShkcWh4L._AC_UL400_.jpg
Re: Zero Capitulo 3 - 04;19.4;;https://m.media-amazon.com/images/I/51xidqhN5LL._AC_UL400_.jpg
RE: Zero -Starting Life in Another World- Ex, Vol. 5 (Light Novel): The Tale of the Scarlet Princess;79.33;;https://m.media-amazon.com/images/I/91VOUxVPK5L._AC_UL400_.jpg
Re: Zero Capitulo 3 - 05;29.9;;https://m.media-amazon.com/images/I/511fi+J0L1S._AC_UL400_.jpg
Re:zero capítulo 4: O Santuário e a Bruxa da Ganância - 02;27.92;;https://m.media-amazon.com/images/I/610Iz2vm5hL._AC_UL400_.jpg
RE: Zero -Starting Life in Another World-, Vol. 19 (Light Novel);70.84;;https://m.media-amazon.com/images/I/91CeH5RT3mL._AC_UL400_.jpg
Re:ZERO -Starting Life in Another World-, Vol. 3 (light novel) (English Edition);41.71;;https://m.media-amazon.com/images/I/91TlfNgft3L._AC_UL400_.jpg
Re: Zero Capitulo 3 - 08;18.91;;https://m.media-amazon.com/images/I/51vSckce0YL._AC_UL400_.jpg
Your Name Edição Única;47.9;;https://m.media-amazon.com/images/I/6175PH7eGwL._AC_UL400_.jpg
Nausicaä do Vale do Vento - Vol. 01;37.42;;https://m.media-amazon.com/images/I/71vyQFt5U6L._AC_UL400_.jpg
Akira - Vol. 1;59.8;;https://m.media-amazon.com/images/I/61ud5BuLRML._AC_UL400_.jpg
Boa Noite Punpun - Vol. 6;33.9;;https://m.media-amazon.com/images/I/518Kun7r0EL._AC_UL400_.jpg
Boa Noite Punpun - Vol. 2;33.99;;https://m.media-amazon.com/images/I/51qq-2ETGQL._AC_UL400_.jpg
Boa Noite Punpun - Vol. 5;37.42;;https://m.media-amazon.com/images/I/51HiD9EnuaL._AC_UL400_.jpg
Boa Noite Punpun - Vol. 3;37.4;;https://m.media-amazon.com/images/I/51orPk0u0rL._AC_UL400_.jpg
Boa Noite Punpun - Vol. 7;36.27;;https://m.media-amazon.com/images/I/41+Oop2uRTL._AC_UL400_.jpg
Boa Noite Punpun - Vol. 1;37.4;;https://m.media-amazon.com/images/I/51EQ5jMPsHL._AC_UL400_.jpg
